Inspection ID,Site ID,Inspection Date,DBA Name,AKA Name,Facility Type,City,Risk,Inspection Score,Result
INSP-0001,SITE-001,2025-01-01, river cafe ,,Cafe,,,,FAIL
INSP-0002,SITE-002,2025-02-04,GARDEN BISTRO,GARDEN BISTRO,RESTAURANT,GALWAY,LOW,62,PASS
INSP-0003,SITE-003,2025-03-07,CITY DELI,CITY DELI,RESTAURANT,DUBLIN,MEDIUM,69,PASS
INSP-0004,SITE-004,2025-04-10,OAK RESTAURANT,OAK RESTAURANT,RESTAURANT,LETTERKENNY,HIGH,76,PASS
INSP-0005,SITE-005,2025-05-13,HARBOUR KITCHEN,HARBOUR KITCHEN,RESTAURANT,SLIGO,LOW,83,FAIL
INSP-0006,SITE-006,2025-06-16,MAPLE CAFE,MAPLE CAFE,Cafe,GALWAY,MEDIUM,90,PASS
INSP-0007,SITE-007,2025-07-19,CENTRAL BAKERY,CENTRAL BAKERY,RESTAURANT,DUBLIN,HIGH,97,PASS
INSP-0008,SITE-008,2025-08-22,PARK GRILL,,RESTAURANT,LETTERKENNY,LOW,58,PASS
INSP-0009,SITE-009,2025-09-25,RIVER CAFE,RIVER CAFE,RESTAURANT,SLIGO,MEDIUM,65,FAIL
INSP-0010,SITE-010,2025-10-28,GARDEN BISTRO,GARDEN BISTRO,RESTAURANT,GALWAY,HIGH,72,PASS
INSP-0011,SITE-011,2025-11-03,CITY DELI,CITY DELI,Cafe,DUBLIN,LOW,79,PASS
INSP-0012,SITE-012,2025-12-06,OAK RESTAURANT,OAK RESTAURANT,RESTAURANT,letterkenny,MEDIUM,86,PASS
INSP-0013,SITE-013,2025-01-09,HARBOUR KITCHEN,HARBOUR KITCHEN,RESTAURANT,SLIGO,HIGH,,FAIL
INSP-0014,SITE-014,2025-02-12,MAPLE CAFE,MAPLE CAFE,RESTAURANT,GALWAY,,100,PASS
INSP-0015,SITE-015,2025-03-15,CENTRAL BAKERY,,RESTAURANT,DUBLIN,MEDIUM,61,PASS
INSP-0016,SITE-016,2025-04-18,PARK GRILL,PARK GRILL,Cafe,LETTERKENNY,HIGH,68,PASS
INSP-0017,SITE-017,2025-05-21,RIVER CAFE,RIVER CAFE,RESTAURANT,SLIGO,LOW,75,FAIL
INSP-0018,SITE-018,2025-06-24,garden bistro,GARDEN BISTRO,RESTAURANT,GALWAY,MEDIUM,82,PASS
INSP-0019,SITE-019,2025-07-27,CITY DELI,CITY DELI,RESTAURANT,DUBLIN,HIGH,89,PASS
INSP-0020,SITE-020,2025-08-02,OAK RESTAURANT,OAK RESTAURANT,RESTAURANT,,LOW,96,PASS
INSP-0021,SITE-021,2025-09-05,HARBOUR KITCHEN,HARBOUR KITCHEN,Cafe,SLIGO,MEDIUM,57,FAIL
INSP-0022,SITE-022,2025-10-08,MAPLE CAFE,,RESTAURANT,GALWAY,HIGH,64,PASS
INSP-0023,SITE-023,2025-11-11,CENTRAL BAKERY,CENTRAL BAKERY,RESTAURANT,dublin,LOW,71,PASS
INSP-0024,SITE-024,2025-12-14,PARK GRILL,PARK GRILL,RESTAURANT,LETTERKENNY,MEDIUM,78,PASS
INSP-0025,SITE-025,2025-01-17,RIVER CAFE,RIVER CAFE,RESTAURANT,SLIGO,HIGH,,FAIL
INSP-0026,SITE-026,2025-02-20,GARDEN BISTRO,GARDEN BISTRO,Cafe,GALWAY,LOW,92,PASS
INSP-0027,SITE-027,2025-03-23,CITY DELI,CITY DELI,RESTAURANT,DUBLIN,,99,PASS
INSP-0028,SITE-028,2025-04-26,OAK RESTAURANT,OAK RESTAURANT,RESTAURANT,LETTERKENNY,HIGH,60,PASS
INSP-0029,SITE-029,2025-05-01,HARBOUR KITCHEN,,RESTAURANT,SLIGO,LOW,67,FAIL
INSP-0030,SITE-030,2025-06-04, MAPLE CAFE ,MAPLE CAFE,RESTAURANT,GALWAY,MEDIUM,74,PASS
INSP-0031,SITE-031,2025-07-07,CENTRAL BAKERY,CENTRAL BAKERY,Cafe,DUBLIN,HIGH,81,PASS
INSP-0032,SITE-032,2025-08-10,PARK GRILL,PARK GRILL,RESTAURANT,LETTERKENNY,LOW,88,PASS
INSP-0033,SITE-001,2025-09-13,RIVER CAFE,RIVER CAFE,RESTAURANT,SLIGO,LOW,95,FAIL
INSP-0034,SITE-002,2025-10-16,GARDEN BISTRO,GARDEN BISTRO,RESTAURANT,galway,MEDIUM,56,PASS
INSP-0035,SITE-003,2025-11-19,city deli,CITY DELI,RESTAURANT,DUBLIN,HIGH,63,PASS
INSP-0036,SITE-004,2025-12-22,OAK RESTAURANT,,Cafe,LETTERKENNY,LOW,70,PASS
INSP-0037,SITE-005,2025-01-25,HARBOUR KITCHEN,HARBOUR KITCHEN,RESTAURANT,SLIGO,MEDIUM,,FAIL
INSP-0038,SITE-006,2025-02-28,MAPLE CAFE,MAPLE CAFE,RESTAURANT,GALWAY,HIGH,84,PASS
INSP-0039,SITE-007,2025-03-03,CENTRAL BAKERY,CENTRAL BAKERY,RESTAURANT,,LOW,91,PASS
INSP-0040,SITE-008,2025-04-06,PARK GRILL,PARK GRILL,RESTAURANT,LETTERKENNY,,98,PASS
INSP-0041,SITE-009,2025-05-09,RIVER CAFE,RIVER CAFE,Cafe,SLIGO,HIGH,59,FAIL
INSP-0042,SITE-010,2025-06-12,GARDEN BISTRO,GARDEN BISTRO,RESTAURANT,GALWAY,LOW,66,PASS
INSP-0043,SITE-011,2025-07-15,CITY DELI,,RESTAURANT,DUBLIN,MEDIUM,73,PASS
INSP-0044,SITE-012,2025-08-18,OAK RESTAURANT,OAK RESTAURANT,RESTAURANT,LETTERKENNY,HIGH,80,PASS
INSP-0045,SITE-013,2025-09-21,HARBOUR KITCHEN,HARBOUR KITCHEN,RESTAURANT,Sligoo,LOW,87,FAIL
INSP-0046,SITE-014,2025-10-24,MAPLE CAFE,MAPLE CAFE,Cafe,GALWAY,MEDIUM,94,PASS
INSP-0047,SITE-015,2025-11-27,CENTRAL BAKERY,CENTRAL BAKERY,RESTAURANT,DUBLIN,HIGH,55,PASS
INSP-0048,SITE-016,2025-12-02,PARK GRILL,PARK GRILL,RESTAURANT,LETTERKENNY,LOW,62,PASS
INSP-0049,SITE-017,2025-01-05,RIVER CAFE,RIVER CAFE,RESTAURANT,SLIGO,MEDIUM,,FAIL
INSP-0050,SITE-018,2025-02-08,GARDEN BISTRO,,RESTAURANT,GALWAY,HIGH,76,PASS
INSP-0051,SITE-019,2025-03-11,CITY DELI,CITY DELI,Cafe,DUBLIN,LOW,83,PASS
INSP-0052,SITE-020,2025-04-14,oak restaurant,OAK RESTAURANT,RESTAURANT,LETTERKENNY,MEDIUM,90,PASS
INSP-0053,SITE-021,2025-05-17,HARBOUR KITCHEN,HARBOUR KITCHEN,RESTAURANT,SLIGO,,97,FAIL
INSP-0054,SITE-022,2025-06-20,MAPLE CAFE,MAPLE CAFE,RESTAURANT,GALWAY,LOW,58,PASS
INSP-0055,SITE-023,2025-07-23,CENTRAL BAKERY,CENTRAL BAKERY,RESTAURANT,DUBLIN,MEDIUM,65,PASS
INSP-0056,SITE-024,2025-08-26,PARK GRILL,PARK GRILL,Cafe,letterkenny,HIGH,72,PASS
INSP-0057,SITE-025,2025-09-01,RIVER CAFE,,RESTAURANT,SLIGO,LOW,79,FAIL
INSP-0058,SITE-026,2025-10-04,GARDEN BISTRO,GARDEN BISTRO,RESTAURANT,,MEDIUM,86,PASS
INSP-0059,SITE-027,2025-11-07, CITY DELI ,CITY DELI,RESTAURANT,DUBLIN,HIGH,93,PASS
INSP-0060,SITE-028,2025-12-10,OAK RESTAURANT,OAK RESTAURANT,RESTAURANT,LETTERKENNY,LOW,100,PASS
INSP-0061,SITE-029,2025-01-13,HARBOUR KITCHEN,HARBOUR KITCHEN,Cafe,SLIGO,MEDIUM,,FAIL
INSP-0062,SITE-030,2025-02-16,MAPLE CAFE,MAPLE CAFE,RESTAURANT,GALWAY,HIGH,68,PASS
INSP-0063,SITE-031,2025-03-19,CENTRAL BAKERY,CENTRAL BAKERY,RESTAURANT,DUBLIN,LOW,75,PASS
INSP-0064,SITE-032,2025-04-22,PARK GRILL,,RESTAURANT,LETTERKENNY,MEDIUM,82,PASS
INSP-0065,SITE-001,2025-05-25,RIVER CAFE,RIVER CAFE,RESTAURANT,SLIGO,MEDIUM,89,FAIL
INSP-0066,SITE-002,2025-06-28,GARDEN BISTRO,GARDEN BISTRO,Cafe,GALWAY,,96,PASS
INSP-0067,SITE-003,2025-07-03,CITY DELI,CITY DELI,RESTAURANT,dublin,LOW,57,PASS
INSP-0068,SITE-004,2025-08-06,OAK RESTAURANT,OAK RESTAURANT,RESTAURANT,LETTERKENNY,MEDIUM,64,PASS
INSP-0069,SITE-005,2025-09-09,harbour kitchen,HARBOUR KITCHEN,RESTAURANT,SLIGO,HIGH,71,FAIL
INSP-0070,SITE-006,2025-10-12,MAPLE CAFE,MAPLE CAFE,RESTAURANT,GALWAY,LOW,78,PASS
INSP-0071,SITE-007,2025-11-15,CENTRAL BAKERY,,Cafe,DUBLIN,MEDIUM,85,PASS
INSP-0072,SITE-008,2025-12-18,PARK GRILL,PARK GRILL,RESTAURANT,LETTERKENNY,HIGH,92,PASS
INSP-0073,SITE-009,2025-01-21,RIVER CAFE,RIVER CAFE,RESTAURANT,SLIGO,LOW,,FAIL
INSP-0074,SITE-010,2025-02-24,GARDEN BISTRO,GARDEN BISTRO,RESTAURANT,GALWAY,MEDIUM,60,PASS
INSP-0075,SITE-011,2025-03-27,CITY DELI,CITY DELI,RESTAURANT,DUBLIN,HIGH,67,PASS
INSP-0076,SITE-012,2025-04-02,OAK RESTAURANT,OAK RESTAURANT,Cafe,LETTERKENNY,LOW,74,PASS
INSP-0077,SITE-013,2025-05-05,HARBOUR KITCHEN,HARBOUR KITCHEN,RESTAURANT,,MEDIUM,81,FAIL
INSP-0078,SITE-014,2025-06-08,MAPLE CAFE,,RESTAURANT,galway,HIGH,88,PASS
INSP-0079,SITE-015,2025-07-11,CENTRAL BAKERY,CENTRAL BAKERY,RESTAURANT,DUBLIN,,95,PASS
INSP-0080,SITE-016,2025-08-14,PARK GRILL,PARK GRILL,RESTAURANT,LETTERKENNY,MEDIUM,56,PASS
INSP-0081,SITE-017,2025-09-17,RIVER CAFE,RIVER CAFE,Cafe,SLIGO,HIGH,63,FAIL
INSP-0082,SITE-018,2025-10-20,GARDEN BISTRO,GARDEN BISTRO,RESTAURANT,GALWAY,LOW,70,PASS
INSP-0083,SITE-019,2025-11-23,CITY DELI,CITY DELI,RESTAURANT,DUBLIN,MEDIUM,77,PASS
INSP-0084,SITE-020,2025-12-26,OAK RESTAURANT,OAK RESTAURANT,RESTAURANT,LETTERKENNY,HIGH,84,PASS
INSP-0085,SITE-021,2025-01-01,HARBOUR KITCHEN,,RESTAURANT,SLIGO,LOW,,FAIL
INSP-0086,SITE-022,2025-02-04,maple cafe,MAPLE CAFE,Cafe,GALWAY,MEDIUM,98,PASS
INSP-0087,SITE-023,2025-03-07,CENTRAL BAKERY,CENTRAL BAKERY,RESTAURANT,DUBLIN,HIGH,59,PASS
INSP-0088,SITE-024,2025-04-10, PARK GRILL ,PARK GRILL,RESTAURANT,LETTERKENNY,LOW,66,PASS
INSP-0089,SITE-025,2025-05-13,RIVER CAFE,RIVER CAFE,RESTAURANT,Sligoo,MEDIUM,73,FAIL
INSP-0090,SITE-026,2025-06-16,GARDEN BISTRO,GARDEN BISTRO,RESTAURANT,GALWAY,HIGH,80,PASS
INSP-0091,SITE-027,2025-07-19,CITY DELI,CITY DELI,Cafe,DUBLIN,LOW,87,PASS
INSP-0092,SITE-028,2025-08-22,OAK RESTAURANT,,RESTAURANT,LETTERKENNY,,94,PASS
INSP-0093,SITE-029,2025-09-25,HARBOUR KITCHEN,HARBOUR KITCHEN,RESTAURANT,SLIGO,HIGH,55,FAIL
INSP-0094,SITE-030,2025-10-28,MAPLE CAFE,MAPLE CAFE,RESTAURANT,GALWAY,LOW,62,PASS
INSP-0095,SITE-031,2025-11-03,CENTRAL BAKERY,CENTRAL BAKERY,RESTAURANT,DUBLIN,MEDIUM,69,PASS
INSP-0096,SITE-032,2025-12-06,PARK GRILL,PARK GRILL,Cafe,,HIGH,76,PASS
INSP-0097,SITE-001,2025-01-09,RIVER CAFE,RIVER CAFE,RESTAURANT,SLIGO,HIGH,,FAIL
INSP-0098,SITE-002,2025-02-12,GARDEN BISTRO,GARDEN BISTRO,RESTAURANT,GALWAY,LOW,90,PASS
INSP-0099,SITE-003,2025-03-15,CITY DELI,,RESTAURANT,DUBLIN,MEDIUM,97,PASS
INSP-0100,SITE-004,2025-04-18,OAK RESTAURANT,OAK RESTAURANT,RESTAURANT,letterkenny,HIGH,58,PASS
INSP-0101,SITE-005,2025-05-21,HARBOUR KITCHEN,HARBOUR KITCHEN,Cafe,SLIGO,LOW,65,FAIL
INSP-0102,SITE-006,2025-06-24,MAPLE CAFE,MAPLE CAFE,RESTAURANT,GALWAY,MEDIUM,72,PASS
INSP-0103,SITE-007,2025-07-27,central bakery,CENTRAL BAKERY,RESTAURANT,DUBLIN,HIGH,79,PASS
INSP-0104,SITE-008,2025-08-02,PARK GRILL,PARK GRILL,RESTAURANT,LETTERKENNY,LOW,86,PASS
INSP-0105,SITE-009,2025-09-05,RIVER CAFE,RIVER CAFE,RESTAURANT,SLIGO,,93,FAIL
INSP-0106,SITE-010,2025-10-08,GARDEN BISTRO,,Cafe,GALWAY,HIGH,100,PASS
INSP-0107,SITE-011,2025-11-11,CITY DELI,CITY DELI,RESTAURANT,DUBLIN,LOW,61,PASS
INSP-0108,SITE-012,2025-12-14,OAK RESTAURANT,OAK RESTAURANT,RESTAURANT,LETTERKENNY,MEDIUM,68,PASS
INSP-0109,SITE-013,2025-01-17,HARBOUR KITCHEN,HARBOUR KITCHEN,RESTAURANT,SLIGO,HIGH,,FAIL
INSP-0110,SITE-014,2025-02-20,MAPLE CAFE,MAPLE CAFE,RESTAURANT,GALWAY,LOW,82,PASS
INSP-0111,SITE-015,2025-03-23,CENTRAL BAKERY,CENTRAL BAKERY,Cafe,dublin,MEDIUM,89,PASS
INSP-0112,SITE-016,2025-04-26,PARK GRILL,PARK GRILL,RESTAURANT,LETTERKENNY,HIGH,96,PASS
INSP-0113,SITE-017,2025-05-01,RIVER CAFE,,RESTAURANT,SLIGO,LOW,57,FAIL
INSP-0114,SITE-018,2025-06-04,GARDEN BISTRO,GARDEN BISTRO,RESTAURANT,GALWAY,MEDIUM,64,PASS
INSP-0115,SITE-019,2025-07-07,CITY DELI,CITY DELI,RESTAURANT,,HIGH,71,PASS
INSP-0116,SITE-020,2025-08-10,OAK RESTAURANT,OAK RESTAURANT,Cafe,LETTERKENNY,LOW,78,PASS
INSP-0117,SITE-021,2025-09-13, HARBOUR KITCHEN ,HARBOUR KITCHEN,RESTAURANT,SLIGO,MEDIUM,85,FAIL
INSP-0118,SITE-022,2025-10-16,MAPLE CAFE,MAPLE CAFE,RESTAURANT,GALWAY,,92,PASS
INSP-0119,SITE-023,2025-11-19,CENTRAL BAKERY,CENTRAL BAKERY,RESTAURANT,DUBLIN,LOW,99,PASS
INSP-0120,SITE-024,2025-12-22,park grill,,RESTAURANT,LETTERKENNY,MEDIUM,60,PASS
INSP-0121,SITE-025,2025-01-25,RIVER CAFE,RIVER CAFE,Cafe,SLIGO,HIGH,,FAIL
INSP-0122,SITE-026,2025-02-28,GARDEN BISTRO,GARDEN BISTRO,RESTAURANT,galway,LOW,74,PASS
INSP-0123,SITE-027,2025-03-03,CITY DELI,CITY DELI,RESTAURANT,DUBLIN,MEDIUM,81,PASS
INSP-0124,SITE-028,2025-04-06,OAK RESTAURANT,OAK RESTAURANT,RESTAURANT,LETTERKENNY,HIGH,88,PASS
INSP-0125,SITE-029,2025-05-09,HARBOUR KITCHEN,HARBOUR KITCHEN,RESTAURANT,SLIGO,LOW,95,FAIL
INSP-0126,SITE-030,2025-06-12,MAPLE CAFE,MAPLE CAFE,Cafe,GALWAY,MEDIUM,56,PASS
INSP-0127,SITE-031,2025-07-15,CENTRAL BAKERY,,RESTAURANT,DUBLIN,HIGH,63,PASS
INSP-0128,SITE-032,2025-08-18,PARK GRILL,PARK GRILL,RESTAURANT,LETTERKENNY,LOW,70,PASS
INSP-0129,SITE-001,2025-09-21,RIVER CAFE,RIVER CAFE,RESTAURANT,SLIGO,LOW,77,FAIL
INSP-0130,SITE-002,2025-10-24,GARDEN BISTRO,GARDEN BISTRO,RESTAURANT,GALWAY,MEDIUM,84,PASS
INSP-0131,SITE-003,2025-11-27,CITY DELI,CITY DELI,Cafe,DUBLIN,,91,PASS
INSP-0132,SITE-004,2025-12-02,OAK RESTAURANT,OAK RESTAURANT,RESTAURANT,LETTERKENNY,LOW,98,PASS
INSP-0133,SITE-005,2025-01-05,HARBOUR KITCHEN,HARBOUR KITCHEN,RESTAURANT,Sligoo,MEDIUM,,FAIL
INSP-0134,SITE-006,2025-02-08,MAPLE CAFE,,RESTAURANT,,HIGH,66,PASS
INSP-0135,SITE-007,2025-03-11,CENTRAL BAKERY,CENTRAL BAKERY,RESTAURANT,DUBLIN,LOW,73,PASS
INSP-0136,SITE-008,2025-04-14,PARK GRILL,PARK GRILL,Cafe,LETTERKENNY,MEDIUM,80,PASS
INSP-0137,SITE-009,2025-05-17,river cafe,RIVER CAFE,RESTAURANT,SLIGO,HIGH,87,FAIL
INSP-0138,SITE-010,2025-06-20,GARDEN BISTRO,GARDEN BISTRO,RESTAURANT,GALWAY,LOW,94,PASS
INSP-0139,SITE-011,2025-07-23,CITY DELI,CITY DELI,RESTAURANT,DUBLIN,MEDIUM,55,PASS
INSP-0140,SITE-012,2025-08-26,OAK RESTAURANT,OAK RESTAURANT,RESTAURANT,LETTERKENNY,HIGH,62,PASS
INSP-0141,SITE-013,2025-09-01,HARBOUR KITCHEN,,Cafe,SLIGO,LOW,69,FAIL
INSP-0142,SITE-014,2025-10-04,MAPLE CAFE,MAPLE CAFE,RESTAURANT,GALWAY,MEDIUM,76,PASS
INSP-0143,SITE-015,2025-11-07,CENTRAL BAKERY,CENTRAL BAKERY,RESTAURANT,DUBLIN,HIGH,83,PASS
INSP-0144,SITE-016,2025-12-10,PARK GRILL,PARK GRILL,RESTAURANT,letterkenny,,90,PASS
INSP-0145,SITE-017,2025-01-13,RIVER CAFE,RIVER CAFE,RESTAURANT,SLIGO,MEDIUM,,FAIL
INSP-0146,SITE-018,2025-02-16, GARDEN BISTRO ,GARDEN BISTRO,Cafe,GALWAY,HIGH,58,PASS
INSP-0147,SITE-019,2025-03-19,CITY DELI,CITY DELI,RESTAURANT,DUBLIN,LOW,65,PASS
INSP-0148,SITE-020,2025-04-22,OAK RESTAURANT,,RESTAURANT,LETTERKENNY,MEDIUM,72,PASS
INSP-0149,SITE-021,2025-05-25,HARBOUR KITCHEN,HARBOUR KITCHEN,RESTAURANT,SLIGO,HIGH,79,FAIL
INSP-0150,SITE-022,2025-06-28,MAPLE CAFE,MAPLE CAFE,RESTAURANT,GALWAY,LOW,86,PASS
INSP-0151,SITE-023,2025-07-03,CENTRAL BAKERY,CENTRAL BAKERY,Cafe,DUBLIN,MEDIUM,93,PASS
INSP-0152,SITE-024,2025-08-06,PARK GRILL,PARK GRILL,RESTAURANT,LETTERKENNY,HIGH,100,PASS
INSP-0153,SITE-025,2025-09-09,RIVER CAFE,RIVER CAFE,RESTAURANT,,LOW,61,FAIL
INSP-0154,SITE-026,2025-10-12,garden bistro,GARDEN BISTRO,RESTAURANT,GALWAY,MEDIUM,68,PASS
INSP-0155,SITE-027,2025-11-15,CITY DELI,,RESTAURANT,dublin,HIGH,75,PASS
INSP-0156,SITE-028,2025-12-18,OAK RESTAURANT,OAK RESTAURANT,Cafe,LETTERKENNY,LOW,82,PASS
INSP-0157,SITE-029,2025-01-21,HARBOUR KITCHEN,HARBOUR KITCHEN,RESTAURANT,SLIGO,,,FAIL
INSP-0158,SITE-030,2025-02-24,MAPLE CAFE,MAPLE CAFE,RESTAURANT,GALWAY,HIGH,96,PASS
INSP-0159,SITE-031,2025-03-27,CENTRAL BAKERY,CENTRAL BAKERY,RESTAURANT,DUBLIN,LOW,57,PASS
INSP-0160,SITE-032,2025-04-02,PARK GRILL,PARK GRILL,RESTAURANT,LETTERKENNY,MEDIUM,64,PASS
INSP-0011,SITE-011,2025-11-03,CITY DELI,CITY DELI,Cafe,DUBLIN,LOW,79,PASS
INSP-0042,SITE-010,2025-06-12,GARDEN BISTRO,GARDEN BISTRO,RESTAURANT,GALWAY,LOW,66,PASS
INSP-0086,SITE-022,2025-02-04,maple cafe,MAPLE CAFE,Cafe,GALWAY,MEDIUM,98,PASS
