Sample ID,Batch,Droplet Area,Droplet Count,Viscosity,pH,Product Type
S001,B01,,140,,5.2,Lotion
S002,B01,26.46,140,1873.5,5.34,Cream
S003,B01,27.21,157,2072.5,5.48,Lotion
S004,B01,29.19,169,2185.2,5.62,Cream
S005,B01,32.71,174,2221.0,5.76,Lotion
S006,B01,34.19,172,2422.5,5.9,Cream
S007,B01,35.5,194,2517.8,6.04,Lotion
S008,B01,39.18,190,2567.7,6.18,Cream
S009,B01,43.28,213,2765.8,5.2,Lotion
S010,B01,45.7,212,1736.4,5.34,Cream
S011,B01,44.04,221,1883.8,5.48,Lotion
S012,B01,47.04,236,2060.6,5.62,Cream
S013,B01,50.06,226,2176.6,5.76,Lotion
S014,B01,21.18,242,2244.8,5.9,Cream
S015,B01,24.81,252,2317.5,6.04,Lotion
S016,B01,26.64,265,2505.0,6.18,Cream
S017,B01,28.85,276,2568.8,5.2,Lotion
S018,B01,30.72,149,2716.9,5.34,Cream
S019,B01,33.61,139,1758.7,5.48,Lotion
S020,B01,33.57,147,1945.7,5.62,Cream
S021,B02,40.42,156,2048.3,5.76,Lotion
S022,B02,,172,2104.3,5.9,Cream
S023,B02,45.02,183,2253.5,6.04,Lotion
S024,B02,44.82,197,2448.1,6.18,Cream
S025,B02,332.99,197,2515.5,5.2,Lotion
S026,B02,48.45,210,2605.3,5.34,Cream
S027,B02,21.87,220,,5.48,Lotion
S028,B02,23.07,215,1730.0,5.62,Cream
S029,B02,27.53,230,1908.7,5.76,Lotion
S030,B02,29.04,236,2093.2,5.9,Cream
S031,B02,29.76,244,2146.7,6.04,Lotion
S032,B02,35.46,258,2268.7,6.18,Cream
S033,B02,38.24,267,2347.5,5.2,Lotion
S034,B02,40.6,260,2518.4,5.34,Cream
S035,B02,42.11,140,2597.9,5.48,Lotion
S036,B02,45.49,157,2771.4,5.62,Cream
S037,B02,44.87,147,1765.0,5.76,Lotion
S038,B02,47.29,156,1952.1,5.9,Cream
S039,B02,49.07,171,1957.1,6.04,Lotion
S040,B02,19.0,182,2209.8,6.18,Cream
S041,B03,21.8,194,2222.2,5.2,Lotion
S042,B03,27.33,201,2443.5,5.34,Cream
S043,B03,,207,2438.2,5.48,Lotion
S044,B03,30.08,214,2645.4,5.62,Cream
S045,B03,36.2,220,2753.1,5.76,Lotion
S046,B03,33.61,222,1813.2,5.9,Cream
S047,B03,40.85,244,1915.7,6.04,Lotion
S048,B03,37.91,247,2095.3,6.18,Cream
S049,B03,44.4,260,2115.9,5.2,Lotion
S050,B03,44.47,266,2263.0,5.34,Cream
S051,B03,45.48,258,2315.9,5.48,Lotion
S052,B03,51.93,131,2467.1,5.62,Cream
S053,B03,21.12,153,,5.76,Lotion
S054,B03,24.36,153,2690.6,5.9,Cream
S055,B03,25.56,156,1867.3,6.04,Lotion
S056,B03,29.33,178,1863.1,6.18,Cream
S057,B03,31.32,179,2005.5,5.2,Lotion
S058,B03,34.09,192,2080.4,5.34,Cream
S059,B03,35.19,190,2323.2,5.48,Lotion
S060,B03,35.37,205,2425.8,5.62,Cream
S061,B04,40.11,217,2443.3,5.76,Lotion
S062,B04,43.97,228,2549.4,5.9,Cream
S063,B04,45.18,234,2722.5,6.04,Lotion
S064,B04,,229,1851.7,6.18,Cream
S065,B04,48.94,243,1902.1,5.2,Lotion
S066,B04,19.47,248,2006.6,5.34,Cream
S067,B04,22.88,260,2187.0,5.48,Lotion
S068,B04,26.09,1500,2233.9,5.62,Cream
S069,B04,28.79,132,2419.5,5.76,Lotion
S070,B04,32.98,154,2542.2,5.9,Cream
S071,B04,31.89,165,2661.8,6.04,Lotion
S072,B04,36.67,162,2762.5,6.18,Cream
S073,B04,40.2,175,1869.2,5.2,Lotion
S074,B04,39.51,173,1924.3,5.34,Cream
S075,B04,43.13,189,1971.5,5.48,Lotion
S076,B04,46.3,197,2155.2,5.62,Cream
S077,B04,45.59,200,2225.2,5.76,Lotion
S078,B04,49.93,204,2339.6,5.9,Cream
S079,B04,24.73,213,,6.04,Lotion
S080,B04,25.85,232,2557.8,6.18,Cream
S081,B05,27.38,236,2686.5,5.2,Lotion
S082,B05,216.44,240,1772.2,5.34,Cream
S083,B05,29.77,243,1901.7,5.48,Lotion
S084,B05,35.89,266,2017.2,5.62,Cream
S085,B05,,260,2073.4,5.76,Lotion
S086,B05,35.84,144,2271.5,5.9,Cream
S087,B05,43.02,145,2417.0,6.04,Lotion
S088,B05,43.34,159,2507.3,6.18,Cream
S089,B05,47.55,160,2562.3,5.2,Lotion
S090,B05,47.08,182,2776.8,5.34,Cream
S091,B05,50.72,187,1827.2,5.48,Lotion
S092,B05,24.54,186,1982.1,5.62,Cream
S093,B05,23.44,201,2020.5,5.76,Lotion
S094,B05,23.74,208,2113.4,5.9,Cream
S095,B05,31.65,218,2203.3,6.04,Lotion
S096,B05,32.81,216,2435.4,6.18,Cream
S097,B05,33.75,225,2499.1,5.2,Lotion
S098,B05,37.13,228,2622.8,5.34,Cream
S099,B05,35.81,237,2698.1,5.48,Lotion
S100,B05,41.29,255,1729.3,5.62,Cream
S101,B06,43.17,257,1897.6,5.76,Lotion
S102,B06,43.44,266,1987.9,5.9,Cream
S103,B06,45.05,141,2169.2,6.04,Lotion
S104,B06,52.21,152,2244.5,6.18,Cream
S105,B06,20.53,149,,5.2,Lotion
S106,B06,,164,2454.6,5.34,Cream
S107,B06,25.49,181,2619.0,5.48,Lotion
S108,B06,30.94,181,2742.5,5.62,Cream
S109,B06,33.97,188,1764.8,5.76,Lotion
S110,B06,34.3,201,1887.6,5.9,Cream
S111,B06,36.75,194,2101.7,6.04,Lotion
S112,B06,37.92,221,2171.9,6.18,Cream
S113,B06,42.57,229,2320.9,5.2,Lotion
S114,B06,42.09,238,2442.6,5.34,Cream
S115,B06,43.4,243,2466.6,5.48,Lotion
S116,B06,45.51,241,2625.6,5.62,Cream
S117,B06,49.89,251,2763.3,5.76,Lotion
S118,B06,22.48,254,1819.2,5.9,Cream
S119,B06,22.22,276,1982.6,6.04,Lotion
S120,B06,28.48,147,2060.4,6.18,Cream
