Review ID,Product Category,Review
R001,Cream,The cream feels wonderful and my skin is soft!
R002,Cream,I do not like the greasy texture.
R003,Lotion,The lotion is not bad at all.
R004,Cream,"Absolutely fantastic moisturiser, I love it!"
R005,Lotion,"It is okay, nothing special."
R006,Lotion,The bottle leaked and I am disappointed.
R007,Cream,Not good: sticky and unpleasant.
R008,Cream,I expected better results.
R009,Lotion,The fragrance is lovely but the pump is broken.
R010,Cream,The cream is lightweight and works well.
R011,Lotion,I cannot recommend this product.
R012,Cream,"Excellent texture, but expensive."
R013,Lotion,The product is surprisingly good.
R014,Cream,I am unhappy with the packaging.
R015,Lotion,"It is not terrible, just average."
R016,Cream,Very soothing and pleasant to use.
R017,Cream,Awful smell and poor absorption.
R018,Lotion,No irritation and great hydration!
R019,Cream,This is hardly the best cream I have used.
R020,Lotion,Amazing quality! Would purchase again.
R021,Cream,The cream feels wonderful and my skin is soft!
R022,Cream,I do not like the greasy texture.
R023,Lotion,The lotion is not bad at all.
R024,Cream,"Absolutely fantastic moisturiser, I love it!"
R025,Lotion,"It is okay, nothing special."
R026,Lotion,The bottle leaked and I am disappointed.
R027,Cream,Not good: sticky and unpleasant.
R028,Cream,I expected better results.
R029,Lotion,The fragrance is lovely but the pump is broken.
R030,Cream,The cream is lightweight and works well.
R031,Lotion,I cannot recommend this product.
R032,Cream,"Excellent texture, but expensive."
R033,Lotion,The product is surprisingly good.
R034,Cream,I am unhappy with the packaging.
R035,Lotion,"It is not terrible, just average."
R036,Cream,Very soothing and pleasant to use.
R037,Cream,Awful smell and poor absorption.
R038,Lotion,No irritation and great hydration!
R039,Cream,This is hardly the best cream I have used.
R040,Lotion,Amazing quality! Would purchase again.
R041,Cream,The cream feels wonderful and my skin is soft!
R042,Cream,I do not like the greasy texture.
R043,Lotion,The lotion is not bad at all.
R044,Cream,"Absolutely fantastic moisturiser, I love it!"
R045,Lotion,"It is okay, nothing special."
R046,Lotion,The bottle leaked and I am disappointed.
R047,Cream,Not good: sticky and unpleasant.
R048,Cream,I expected better results.
R049,Lotion,The fragrance is lovely but the pump is broken.
R050,Cream,The cream is lightweight and works well.
R051,Lotion,I cannot recommend this product.
R052,Cream,"Excellent texture, but expensive."
R053,Lotion,The product is surprisingly good.
R054,Cream,I am unhappy with the packaging.
R055,Lotion,"It is not terrible, just average."
R056,Cream,Very soothing and pleasant to use.
R057,Cream,Awful smell and poor absorption.
R058,Lotion,No irritation and great hydration!
R059,Cream,This is hardly the best cream I have used.
R060,Lotion,Amazing quality! Would purchase again.
R061,Cream,The moisturiser feels wonderful and my skin is soft!
R062,Cream,I do not like the greasy texture.
R063,Lotion,The lotion is not bad at all.
R064,Cream,"Absolutely fantastic moisturiser, I love it!"
R065,Lotion,"It is okay, nothing special."
R066,Lotion,The bottle leaked and I am disappointed.
R067,Cream,Not good: sticky and unpleasant.
R068,Cream,I expected better results.
R069,Lotion,The fragrance is lovely but the pump is broken.
R070,Cream,The moisturiser is lightweight and works well.
R071,Lotion,I cannot recommend this product.
R072,Cream,"Excellent texture, but expensive."
R073,Lotion,The product is surprisingly good.
R074,Cream,I am unhappy with the packaging.
R075,Lotion,"It is not terrible, just average."
R076,Cream,Very soothing and pleasant to use.
R077,Cream,Awful smell and poor absorption.
R078,Lotion,No irritation and great hydration!
R079,Cream,This is hardly the best moisturiser I have used.
R080,Lotion,Amazing quality! Would purchase again.
R081,Cream,The cream feels wonderful and my skin is soft!
R082,Cream,I do not like the greasy texture.
R083,Lotion,The lotion is not bad at all.
R084,Cream,"Absolutely fantastic moisturiser, I love it!"
R085,Lotion,"It is okay, nothing special."
R086,Lotion,The bottle leaked and I am disappointed.
R087,Cream,Not good: sticky and unpleasant.
R088,Cream,I expected better results.
R089,Lotion,The fragrance is lovely but the pump is broken.
R090,Cream,The cream is lightweight and works well.
R091,Lotion,I cannot recommend this product.
R092,Cream,"Excellent texture, but expensive."
R093,Lotion,The product is surprisingly good.
R094,Cream,I am unhappy with the packaging.
R095,Lotion,"It is not terrible, just average."
R096,Cream,Very soothing and pleasant to use.
R097,Cream,Awful smell and poor absorption.
R098,Lotion,No irritation and great hydration!
R099,Cream,This is hardly the best cream I have used.
R100,Lotion,Amazing quality! Would purchase again.
